index,features,importance,cum_imp
388,AreaIncomeType_missing,0.12769600574788634,0.12769600574788634
387,AreaIncomeType_B,0.0483387566763194,0.17603476242420574
1034,PriceIndex2,0.0344369082101273,0.21047167063433303
1037,PriceIndex5,0.032674211660409964,0.243145882294743
1033,PriceIndex1,0.032180557339092856,0.27532643963383585
1038,PriceIndex6,0.03166485363991778,0.30699129327375363
1041,PriceIndex9,0.02972569501226192,0.33671698828601554
1039,PriceIndex7,0.028756365158014094,0.36547335344402965
1040,PriceIndex8,0.026762397817427702,0.3922357512614574
1042,NormalisedPopulation,0.023102991061124345,0.4153387423225817
1036,PriceIndex4,0.022915901166426687,0.4382546434890084
386,AreaIncomeType_A,0.022906900574183323,0.4611615440631917
1035,PriceIndex3,0.022579767509676812,0.48374131157286854
390,EnvRating_GREEN,0.013383820153160185,0.49712513172602874
389,EnvRating_missing,0.012610638292080405,0.5097357700181091
1025,PropertyAge_3,0.012362744714680806,0.5220985147327899
1015,BuildYear_2008,0.011058123867126185,0.5331566385999161
1027,PropertyAge_2,0.009415090235793908,0.54257172883571
1017,BuildYear_2002,0.008334121421582985,0.550905850257293
1028,PropertyAge_6,0.007892270204297301,0.5587981204615903
1031,PropertyAge_8,0.007132762396658594,0.5659308828582489
1044,day_cos,0.00690265547777481,0.5728335383360237
1030,PropertyAge_1,0.006699997538316783,0.5795335358743404
1029,PropertyAge_7,0.006696868641177191,0.5862304045155177
392,Channel_Direct,0.00660583188881184,0.5928362364043295
1046,month_cos,0.006589612563610533,0.59942584896794
1013,BuildYear_2007,0.006519239842415773,0.6059450888103558
1043,day_sin,0.0063333884342079766,0.6122784772445637
1045,month_sin,0.006035384633702554,0.6183138618782663
1011,BuildYear_2006,0.0060114656405589545,0.6243253275188253
1048,weekday_cos,0.005767787875596424,0.6300931153944217
1014,BuildYear_2004,0.005648769863216968,0.6357418852576386
1018,BuildYear_2001,0.005599505553519667,0.6413413908111583
1016,BuildYear_2003,0.005522299293145643,0.6468636901043039
732,SubModel_TMA3,0.004999102743142586,0.6518627928474465
1026,PropertyAge_5,0.004779730076930958,0.6566425229243775
1047,weekday_sin,0.0043063889219798895,0.6609489118463574
687,PlotType_32T2,0.0042682353320513,0.6652171471784087
697,Architecture_YIK5,0.003947839225183917,0.6691649864035927
686,PlotType_W62B,0.003924722171071398,0.6730897085746641
0,InteriorsStyle_K3BB,0.00392429171637323,0.6770140002910373
312,Material_C8A4,0.0038737307585114465,0.6808877310495488
1024,PropertyAge_4,0.003646815456928581,0.6845345465064774
685,PlotType_WHBI,0.0033735231671571113,0.6879080696736345
397,Zip_74135,0.003265234026618186,0.6911733037002527
384,Agency_CAT3,0.0032200131083429478,0.6943933168085956
1012,BuildYear_2005,0.0032147925383788525,0.6976081093469745
382,Agency_CAT1,0.0030010994270015644,0.700609208773976
698,Architecture_TP7R,0.0029119946378168707,0.7035212034117929
699,Architecture_I3Z9,0.0028570975603889495,0.7063783009721819
12,InteriorsStyle_F59U,0.0028161644424937564,0.7091944654146757
1032,PropertyAge_9,0.002785503285472364,0.711979968700148
727,SubModel_KT8F,0.0027516866642599714,0.714731655364408
393,Channel_Other,0.002714712353309578,0.7174463677177175
394,Zip_32824,0.0025895103491018166,0.7200358780668193
979,State_FL,0.002419604839438531,0.7224554829062578
321,Material_OZMT,0.0021857687028741498,0.724641251609132
1019,BuildYear_2009,0.002117715573911147,0.7267589671830431
315,Material_X7IX,0.0021128446769706306,0.7288718118600137
313,Material_ZCI3,0.002103600610890043,0.7309754124709037
536,InsurancePremiumIndex_834,0.0020154602237141637,0.7329908726946178
726,SubModel_FIVQ,0.001969046088763783,0.7349599187833816
688,PlotType_DIJX,0.0019661895719219336,0.7369261083553036
978,State_TX,0.0019435238942222507,0.7388696322495258
385,Agency_OTHER,0.0019166952383752973,0.7407863274879012
383,Agency_CAT2,0.001911340424886116,0.7426976679127874
985,State_OK,0.0018741350628625351,0.7445718029756498
314,Material_NYFD,0.001867692414460297,0.7464394953901101
11,InteriorsStyle_T67A,0.0018439935099420965,0.7482834889000523
737,SubModel_IAQO,0.001796541137616616,0.7500800300376689
316,Material_IKAF,0.0017849090133723242,0.7518649390510412
311,Material_PRN0,0.0017340405012506992,0.7535989795522919
518,InsurancePremiumIndex_1974,0.0017193092882707372,0.7553182888405626
1020,RegionType_A,0.0017029032314193895,0.757021192071982
424,Zip_92337,0.001562573230594359,0.7585837653025764
15,InteriorsStyle_RZ14,0.0015286326735751243,0.7601123979761516
528,InsurancePremiumIndex_1703,0.001524691705950619,0.7616370896821022
317,Material_HE5A,0.0014123290132821923,0.7630494186953843
519,InsurancePremiumIndex_2152,0.0014107072491104204,0.7644601259444948
700,Architecture_AVYP,0.0014053744473340173,0.7658655003918288
981,State_NC,0.0013939969781752589,0.767259497370004
964,Facade_BLUE,0.001382135776957813,0.7686416331469618
400,Zip_85040,0.0013662216622742107,0.770007854809236
704,Architecture_RZOR,0.0013510044572347764,0.7713588592664707
1,InteriorsStyle_RCQE,0.0013493590945783266,0.7727082183610491
433,Zip_85284,0.0013489447501996157,0.7740571631112487
5,InteriorsStyle_YBQJ,0.0013259268348256377,0.7753830899460744
724,Region_A,0.0013213412958398736,0.7767044312419142
396,Zip_75236,0.0012933402258951065,0.7779977714678094
406,Zip_75050,0.0012887648773431452,0.7792865363451525
725,Region_B,0.0012784723217129433,0.7805650086668655
16,InteriorsStyle_J20T,0.0012637260452943175,0.7818287347121599
962,Facade_SILVER,0.0012426622798788081,0.7830713969920386
963,Facade_WHITE,0.0012101413181644402,0.7842815383102031
728,SubModel_UA42,0.0011975630420375397,0.7854791013522406
982,State_AZ,0.0011823548674326743,0.7866614562196733
980,State_CA,0.0011717974005044313,0.7878332536201778
517,InsurancePremiumIndex_920,0.0011668921798288487,0.7890001458000065
76,InteriorsStyle_APX3,0.0011510535006162728,0.7901511993006228
399,Zip_85226,0.0011452639781698406,0.7912964632787927
690,PlotType_DSSM,0.0011449124750682084,0.7924413757538609
6,InteriorsStyle_DUFA,0.0011373820847445082,0.7935787578386053
966,Facade_BLACK,0.0011312835401776045,0.7947100413787829
1022,RegionType_C,0.0011195987281375245,0.7958296401069204
1021,RegionType_B,0.001115234747606973,0.7969448748545274
968,Facade_GOLD,0.0011032809664616098,0.798048155820989
689,PlotType_WLQ6,0.0010959264338174307,0.7991440822548064
607,InsurancePremiumIndex_1930,0.0010939324398623702,0.8002380146946687
395,Zip_27542,0.001084749100159705,0.8013227637948284
329,Material_1PUV,0.0010604588844919025,0.8023832226793203
401,Zip_29697,0.0010543522970523891,0.8034375749763727
701,Architecture_1M5X,0.0010482184994278448,0.8044857934758005
445,Zip_37771,0.0010425545994401796,0.8055283480752407
706,Architecture_K92H,0.0010415975420262449,0.8065699456172669
965,Facade_GREY,0.0010267937931428106,0.8075967394104098
983,State_CO,0.001022392664386645,0.8086191320747964
691,PlotType_DJOP,0.0010223671245185233,0.8096414991993149
414,Zip_28625,0.0010201390884458273,0.8106616382877607
815,SubModel_OG0M,0.0010105127864892501,0.81167215107425
694,PlotType_V5R0,0.0009917732141161001,0.8126639242883661
738,SubModel_UTUM,0.0009916311321432165,0.8136555554205093
416,Zip_91752,0.0009902584079388489,0.8146458138284481
410,Zip_80011,0.0009831202399489128,0.8156289340683971
403,Zip_28273,0.0009412577805079088,0.816570191848905
18,InteriorsStyle_6UCD,0.0009323738005497605,0.8175025656494548
404,Zip_33619,0.000931889731322716,0.8184344553807775
520,InsurancePremiumIndex_1389,0.0009313880370137432,0.8193658434177913
545,InsurancePremiumIndex_975,0.0009036059353105992,0.8202694493531019
984,State_SC,0.0008950056180369054,0.8211644549711388
522,InsurancePremiumIndex_1155,0.000887488775175504,0.8220519437463143
967,Facade_RED,0.0008779950417003207,0.8229299387880146
459,Zip_37421,0.0008727561009746378,0.8238026948889892
531,InsurancePremiumIndex_983,0.0008685035864644494,0.8246711984754536
776,SubModel_9QMN,0.0008583473583820544,0.8255295458338356
526,InsurancePremiumIndex_1086,0.0008200736580723493,0.826349619491908
986,State_GA,0.0008036720507907182,0.8271532915426987
525,InsurancePremiumIndex_1503,0.0008015885651879627,0.8279548801078866
409,Zip_78754,0.0007997160816958836,0.8287545961895826
729,SubModel_8YTZ,0.0007973029673538062,0.8295518991569364
39,InteriorsStyle_2TEG,0.0007891675858402071,0.8303410667427766
411,Zip_73108,0.0007732523282224112,0.8311143190709991
45,InteriorsStyle_G6JQ,0.0007729251342458788,0.831887244205245
19,InteriorsStyle_RELA,0.0007682528324639868,0.8326554970377089
553,InsurancePremiumIndex_923,0.0007660066203329938,0.8334215036580419
990,State_PA,0.0007638266354741343,0.834185330293516
402,Zip_95673,0.0007608296668956882,0.8349461599604118
731,SubModel_K8LM,0.0007534897655465616,0.8356996497259583
702,Architecture_4GZ4,0.0007426282216096687,0.836442277947568
175,InteriorsStyle_9XC2,0.0007418741529511226,0.8371841521005191
989,State_MD,0.0007413352076563802,0.8379254873081755
318,Material_4ZHP,0.000738260462643078,0.8386637477708185
988,State_VA,0.0007367854129886878,0.8394005331838073
521,InsurancePremiumIndex_1215,0.0007343027021189979,0.8401348358859263
527,InsurancePremiumIndex_1243,0.000727803921122404,0.8408626398070487
26,InteriorsStyle_DT7U,0.000726994370928576,0.8415896341779773
51,InteriorsStyle_OIBC,0.0007215335000289954,0.8423111676780063
578,InsurancePremiumIndex_1803,0.0007213215711481457,0.8430324892491544
987,State_TN,0.000716777412302117,0.8437492666614566
407,Zip_76040,0.0007113136497236362,0.8444605803111802
413,Zip_30272,0.0007112446173725054,0.8451718249285527
17,InteriorsStyle_7NL9,0.0007102013189961801,0.8458820262475488
574,InsurancePremiumIndex_882,0.0007033042437473953,0.8465853304912963
475,Zip_85018,0.0007002177657977924,0.847285548257094
969,Facade_GREEN,0.0006963374845402717,0.8479818857416342
323,Material_ARWN,0.000689028154868329,0.8486709138965026
554,InsurancePremiumIndex_1411,0.0006843037237182884,0.8493552176202209
391,ExpeditedListing_0,0.0006839593821179037,0.8500391770023388
624,InsurancePremiumIndex_2322,0.0006810464824977421,0.8507202234848366
742,SubModel_X6FH,0.000679501722980513,0.851399725207817
398,Zip_80022,0.0006738329048394951,0.8520735581126565
530,InsurancePremiumIndex_569,0.0006718920975562116,0.8527454502102128
555,InsurancePremiumIndex_1500,0.0006680621711003464,0.8534135123813131
523,InsurancePremiumIndex_803,0.0006677516392243218,0.8540812640205374
322,Material_2NHM,0.0006564693085252839,0.8547377333290627
326,Material_JD5J,0.0006563883757163003,0.855394121704779
705,Architecture_8SPA,0.0006562907728160784,0.8560504124775951
696,PlotType_LIGY,0.0006526943287652476,0.8567031068063603
529,InsurancePremiumIndex_1020,0.0006514933214691176,0.8573546001278294
417,Zip_92807,0.0006499480498808755,0.8580045481777102
3,InteriorsStyle_2XWO,0.0006487000244984324,0.8586532482022087
418,Zip_21075,0.0006442231934296522,0.8592974713956383
620,InsurancePremiumIndex_2651,0.0006436368293133552,0.8599411082249516
734,SubModel_GXUO,0.0006374225971227473,0.8605785308220744
971,Facade_BEIGE,0.0006369119134338262,0.8612154427355082
437,Zip_77061,0.0006241041616515505,0.8618395468971598
733,SubModel_ASW2,0.0006225192626261298,0.8624620661597859
582,InsurancePremiumIndex_1641,0.0006200769655940862,0.86308214312538
692,PlotType_7RBQ,0.0006188021013535893,0.8637009452267336
524,InsurancePremiumIndex_728,0.0006183357220693269,0.864319280948803
785,SubModel_0BKK,0.0006145964685794245,0.8649338774173824
710,Architecture_RIAX,0.0006132281396048872,0.8655471055569872
126,InteriorsStyle_WCQE,0.0006086937041187577,0.866155799261106
426,Zip_94544,0.0006076254458186836,0.8667634247069247
128,InteriorsStyle_DPIW,0.0006001281685244405,0.8673635528754491
44,InteriorsStyle_KHJD,0.0005986643821114902,0.8679622172575606
162,InteriorsStyle_J7Q9,0.0005951599135662444,0.8685573771711269
540,InsurancePremiumIndex_1506,0.0005944155018280549,0.869151792672955
736,SubModel_E75G,0.0005920252913499245,0.8697438179643049
570,InsurancePremiumIndex_462,0.000590382522682014,0.870334200486987
693,PlotType_I00H,0.0005902039213126864,0.8709244044082997
537,InsurancePremiumIndex_1763,0.0005869303956428783,0.8715113348039425
532,InsurancePremiumIndex_1272,0.0005851154843747348,0.8720964502883173
735,SubModel_XHI5,0.0005800550840438916,0.8726765053723612
325,Material_NCCU,0.0005779739344528535,0.873254479306814
703,Architecture_7IYX,0.0005777537485012776,0.8738322330553153
421,Zip_78227,0.0005738483738247979,0.8744060814291401
405,Zip_29532,0.0005727772959064827,0.8749788587250465
82,InteriorsStyle_CNWW,0.0005711837233195635,0.8755500424483661
319,Material_RRJQ,0.0005672981595590599,0.8761173406079251
707,Architecture_KML6,0.000566736820222636,0.8766840774281478
543,InsurancePremiumIndex_1633,0.0005660501659282765,0.8772501275940761
434,Zip_19440,0.0005655859370052893,0.8778157135310813
547,InsurancePremiumIndex_1118,0.0005643715969565243,0.8783800851280379
740,SubModel_XML5,0.0005589373673792156,0.8789390224954171
576,InsurancePremiumIndex_1689,0.0005560356518405456,0.8794950581472577
970,Facade_MAROON,0.0005514860279237322,0.8800465441751815
24,InteriorsStyle_I45U,0.0005502091343653953,0.8805967533095469
412,Zip_32124,0.0005501128433491778,0.8811468661528961
542,InsurancePremiumIndex_505,0.0005498231453522751,0.8816966892982483
711,Architecture_STJH,0.0005456373341124469,0.8822423266323607
535,InsurancePremiumIndex_533,0.0005447252855221365,0.8827870519178829
541,InsurancePremiumIndex_754,0.0005423994185894081,0.8833294513364722
408,Zip_77041,0.0005400239761961215,0.8838694753126684
533,InsurancePremiumIndex_853,0.0005390443360422042,0.8844085196487106
544,InsurancePremiumIndex_825,0.000531716313715533,0.8849402359624261
783,SubModel_R4SX,0.000528579887630924,0.885468815850057
320,Material_H5XT,0.0005270207460965492,0.8859958365961536
538,InsurancePremiumIndex_671,0.0005248162259160185,0.8865206528220696
65,InteriorsStyle_9F84,0.0005194011673208219,0.8870400539893905
708,Architecture_M3C0,0.0005173544814657974,0.8875574084708563
993,State_MO,0.000514992286291085,0.8880724007571473
428,Zip_84104,0.0005111282663979643,0.8885835290235453
730,SubModel_GR5P,0.0005101571983102297,0.8890936862218556
78,InteriorsStyle_7CIG,0.0005082501384028789,0.8896019363602584
52,InteriorsStyle_MLUU,0.0005047809307398036,0.8901067172909982
558,InsurancePremiumIndex_1220,0.000504720606364918,0.8906114378973632
991,State_UT,0.0005036900993656272,0.8911151279967288
438,Zip_20166,0.0004947187967252591,0.891609846793454
610,InsurancePremiumIndex_2712,0.0004943353069766317,0.8921041821004306
145,InteriorsStyle_3OAE,0.0004942590863162609,0.8925984411867469
995,State_NV,0.0004934099211498662,0.8930918511078968
539,InsurancePremiumIndex_1373,0.0004909859514418056,0.8935828370593386
435,Zip_37210,0.0004884285819005302,0.8940712656412392
7,InteriorsStyle_7R8J,0.00048729783713103813,0.8945585634783703
338,Material_1QJ5,0.0004862687404526627,0.8950448322188229
552,InsurancePremiumIndex_623,0.0004834931268400164,0.895528325345663
992,State_OH,0.0004831626510253442,0.8960114879966883
9,InteriorsStyle_ARWN,0.00047942851706429487,0.8964909165137526
2,InteriorsStyle_WEGU,0.00047789564197595215,0.8969688121557285
534,InsurancePremiumIndex_1623,0.00047776153370935817,0.8974465736894379
422,Zip_34761,0.0004753359718885313,0.8979219096613265
415,Zip_78219,0.00047233525429184257,0.8983942449156183
432,Zip_27407,0.00047154151403337816,0.8988657864296516
37,InteriorsStyle_P932,0.00046827241267033637,0.899334058842322
8,InteriorsStyle_H1CI,0.00046478143844834067,0.8997988402807703
420,Zip_77086,0.00046460108103048466,0.9002634413618008
29,InteriorsStyle_NIBY,0.0004638169257554943,0.9007272582875563
23,InteriorsStyle_8GE9,0.000462556300466975,0.9011898145880233
569,InsurancePremiumIndex_2063,0.0004615270387693732,0.9016513416267926
74,InteriorsStyle_66CU,0.0004614643549714075,0.902112805981764
30,InteriorsStyle_T0CD,0.0004578646672951212,0.9025706706490592
33,InteriorsStyle_I7GR,0.00045739392039946693,0.9030280645694586
429,Zip_80229,0.00045448378698027185,0.9034825483564389
695,PlotType_8FRL,0.00045351475338357137,0.9039360631098226
84,InteriorsStyle_O98V,0.00045056264856532585,0.9043866257583879
350,Material_4VDP,0.00044927571710658555,0.9048359014754945
777,SubModel_SBY1,0.00044739986114400725,0.9052833013366386
328,Material_A9RA,0.0004473969805751628,0.9057306983172138
579,InsurancePremiumIndex_1740,0.0004430527961972773,0.906173751113411
548,InsurancePremiumIndex_1038,0.00044112946552369296,0.9066148805789347
423,Zip_85009,0.00043984040174527435,0.90705472098068
739,SubModel_EW79,0.0004389279468598124,0.9074936489275398
419,Zip_80817,0.000435744184109729,0.9079293931116496
425,Zip_45005,0.0004339639991412513,0.9083633571107907
770,SubModel_4VJF,0.0004287411099605647,0.9087920982207514
549,InsurancePremiumIndex_693,0.0004266612313358397,0.9092187594520872
550,InsurancePremiumIndex_482,0.00042427996256417215,0.9096430394146514
709,Architecture_5NBT,0.00042319938938037356,0.9100662388040318
798,SubModel_9Q6I,0.00041872154202498847,0.9104849603460567
895,SubModel_RHPP,0.00041042503864502594,0.9108953853847018
327,Material_1MJN,0.00040974056930400565,0.9113051259540058
741,SubModel_T04H,0.0004061884041428466,0.9117113143581487
330,Material_MCPM,0.0004055874165284768,0.9121169017746772
124,InteriorsStyle_7857,0.00039949189327240296,0.9125163936679496
427,Zip_32219,0.000398115377954403,0.912914509045904
745,SubModel_6E9G,0.00039727250692000467,0.913311781552824
458,Zip_32750,0.00039663094991543524,0.9137084125027395
577,InsurancePremiumIndex_894,0.000393088495672522,0.914101500998412
677,InsurancePremiumIndex_5913,0.0003929052067625195,0.9144944062051745
324,Material_WO6R,0.00039200884540113327,0.9148864150505757
557,InsurancePremiumIndex_1113,0.00039097389550832,0.915277388946084
793,SubModel_UDMC,0.0003909046849395478,0.9156682936310235
10,InteriorsStyle_AZMX,0.00038799971562810244,0.9160562933466516
31,InteriorsStyle_BX7I,0.00038724563694104915,0.9164435389835927
774,SubModel_0HMV,0.0003863660161752427,0.9168299049997679
334,Material_JUNM,0.00038618010200258804,0.9172160851017706
761,SubModel_YQ71,0.00038523412295521657,0.9176013192247258
53,InteriorsStyle_AMQS,0.00038458355650219505,0.9179859027812279
36,InteriorsStyle_A7XW,0.00038247478765260237,0.9183683775688806
814,SubModel_PVH0,0.00038160625899855035,0.9187499838278791
4,InteriorsStyle_V3Y1,0.00038151874552009587,0.9191315025733992
580,InsurancePremiumIndex_2452,0.0003808017141512523,0.9195123042875504
460,Zip_37122,0.0003764118522622025,0.9198887161398126
430,Zip_33809,0.0003763738253122212,0.9202650899651248
455,Zip_90045,0.00037592037931447574,0.9206410103444392
332,Material_UT7W,0.00037283204359174835,0.921013842388031
13,InteriorsStyle_QWEV,0.0003719406577634166,0.9213857830457944
760,SubModel_IANA,0.0003712012491696276,0.9217569842949641
336,Material_1AKX,0.00036846921669891935,0.9221254535116631
67,InteriorsStyle_QS4E,0.00036841935134834314,0.9224938728630114
546,InsurancePremiumIndex_594,0.0003675312425854177,0.9228614041055968
556,InsurancePremiumIndex_723,0.0003648163074013097,0.9232262204129981
767,SubModel_ULSL,0.00036453300352286836,0.923590753416521
64,InteriorsStyle_XCOA,0.00036436223835680035,0.9239551156548778
466,Zip_21014,0.0003619909493032484,0.924317106604181
750,SubModel_ONP1,0.0003618403165749357,0.9246789469207559
492,Zip_60445,0.0003574430054717576,0.9250363899262277
589,InsurancePremiumIndex_1893,0.00035703424187653903,0.9253934241681042
999,State_IL,0.00035620790302643123,0.9257496320711307
757,SubModel_7529,0.0003554131588947094,0.9261050452300255
27,InteriorsStyle_QEXX,0.0003499793616116875,0.9264550245916372
440,Zip_22403,0.00034930607569249244,0.9268043306673297
431,Zip_64161,0.0003479819399227182,0.9271523126072524
93,InteriorsStyle_DLFA,0.00034789735275645296,0.9275002099600088
996,State_IN,0.00034410162870814097,0.9278443115887169
561,InsurancePremiumIndex_1313,0.00034295115467891933,0.9281872627433959
85,InteriorsStyle_0PTF,0.00034174055007161065,0.9285290032934675
14,InteriorsStyle_Y4AM,0.00033901754542306326,0.9288680208388906
90,InteriorsStyle_ZX8N,0.00033760497391639076,0.9292056258128071
712,Architecture_X120,0.000335752630730335,0.9295413784435375
494,Zip_33073,0.0003329928371602256,0.9298743712806977
454,Zip_33411,0.00033244841285061085,0.9302068196935483
803,SubModel_A98F,0.00033201419669107347,0.9305388338902394
559,InsurancePremiumIndex_1543,0.00032849597009980744,0.9308673298603392
867,SubModel_BGXW,0.000325557809007314,0.9311928876693465
773,SubModel_49HM,0.0003214316067636173,0.9315143192761101
21,InteriorsStyle_YOC7,0.0003185216738121259,0.9318328409499221
58,InteriorsStyle_SVNZ,0.00031816736370328245,0.9321510083136254
449,Zip_76063,0.000315570858231616,0.932466579171857
769,SubModel_JPK5,0.0003154583570841727,0.9327820375289412
331,Material_55S7,0.0003152842358716967,0.9330973217648129
59,InteriorsStyle_BN7D,0.0003134635906141864,0.9334107853554271
351,Material_DJOP,0.0003124993504961669,0.9337232847059233
754,SubModel_BNAA,0.000311286403531282,0.9340345711094545
41,InteriorsStyle_ELJV,0.0003107034172026358,0.9343452745266572
345,Material_R59D,0.00031056082436731945,0.9346558353510245
339,Material_5GAZ,0.0003095561386906993,0.9349653914897151
46,InteriorsStyle_ISY8,0.00030922556335889783,0.935274617053074
439,Zip_85353,0.00030747876438804627,0.9355820958174621
98,InteriorsStyle_EICU,0.0003057042092375512,0.9358878000266997
596,InsurancePremiumIndex_1801,0.00030523968738877097,0.9361930397140885
713,Architecture_5A9R,0.000302176407363162,0.9364952161214517
997,State_MS,0.00029908514841024664,0.936794301269862
832,SubModel_I6WB,0.000298699907387979,0.9370930011772499
25,InteriorsStyle_5KS5,0.00029758301614614695,0.937390584193396
551,InsurancePremiumIndex_686,0.000294788685574538,0.9376853728789706
344,Material_K5JL,0.00029338800352037334,0.937978760882491
566,InsurancePremiumIndex_1283,0.0002929865786583912,0.9382717474611494
131,InteriorsStyle_W0IG,0.0002914738093466444,0.9385632212704961
442,Zip_50111,0.00028956666990611354,0.9388527879404022
444,Zip_89165,0.00028761072486304366,0.9391403986652652
714,Architecture_DKOO,0.000284481717682628,0.9394248803829478
640,InsurancePremiumIndex_2040,0.0002842618803706556,0.9397091422633185
560,InsurancePremiumIndex_1003,0.00028337998639088016,0.9399925222497093
869,SubModel_KMK9,0.00028279140047365056,0.9402753136501829
35,InteriorsStyle_DYK9,0.0002826668076692259,0.9405579804578521
118,InteriorsStyle_93LE,0.00028186459367983874,0.940839845051532
474,Zip_30120,0.0002817016904116007,0.9411215467419436
50,InteriorsStyle_XNJR,0.00027955286868423557,0.9414010996106278
749,SubModel_AJTU,0.00027887081995575343,0.9416799704305835
747,SubModel_OFA3,0.00027683506306164945,0.9419568054936451
998,State_IA,0.00027683170937269785,0.9422336372030178
436,Zip_30212,0.0002759919505348448,0.9425096291535526
572,InsurancePremiumIndex_1630,0.0002728451772673408,0.94278247433082
77,InteriorsStyle_53OG,0.00027245597699671905,0.9430549303078167
116,InteriorsStyle_9TTE,0.00027169761594323066,0.94332662792376
611,InsurancePremiumIndex_2508,0.0002698342224311739,0.9435964621461912
57,InteriorsStyle_ZFT5,0.0002698247844838341,0.943866286930675
486,Zip_79605,0.0002695044005133164,0.9441357913311883
597,InsurancePremiumIndex_762,0.0002681327346052622,0.9444039240657935
994,State_AL,0.0002678831473293178,0.9446718072131228
337,Material_NV0M,0.00026711488122827616,0.9449389220943512
719,Architecture_W86R,0.00026675584163138544,0.9452056779359825
447,Zip_92504,0.00026539378926940385,0.9454710717252519
247,InteriorsStyle_FITD,0.000265080222955658,0.9457361519482076
448,Zip_30331,0.0002630029459557616,0.9459991548941633
133,InteriorsStyle_X07E,0.00026201762724073594,0.9462611725214041
102,InteriorsStyle_1DNQ,0.00026187927553275136,0.9465230517969369
562,InsurancePremiumIndex_1053,0.00025839499163326927,0.9467814467885701
20,InteriorsStyle_CRVM,0.0002570005679072069,0.9470384473564774
95,InteriorsStyle_7CB4,0.0002561318570396752,0.947294579213517
782,SubModel_GVQO,0.00025605852461741215,0.9475506377381344
781,SubModel_3BD8,0.00025500898380158467,0.947805646721936
563,InsurancePremiumIndex_1455,0.0002537230132792744,0.9480593697352153
56,InteriorsStyle_WD8F,0.00025207550110377104,0.948311445236319
603,InsurancePremiumIndex_905,0.000250617642209706,0.9485620628785287
762,SubModel_Y29N,0.0002484467177499983,0.9488105095962788
567,InsurancePremiumIndex_2351,0.0002476851981681617,0.949058194794447
972,Facade_BROWN,0.00024696983987592444,0.9493051646343229
40,InteriorsStyle_K3XP,0.000245902511562849,0.9495510671458858
568,InsurancePremiumIndex_1341,0.0002457661822763676,0.9497968333281621
573,InsurancePremiumIndex_837,0.00024575243510184167,0.950042585763264
352,Material_Y68H,0.00024485430832088594,0.9502874400715848
71,InteriorsStyle_7KCI,0.000244389140112548,0.9505318292116974
973,Facade_ORANGE,0.00024390140351344708,0.9507757306152109
154,InteriorsStyle_HOPX,0.00024340689732572872,0.9510191375125366
608,InsurancePremiumIndex_1103,0.00024267959016770638,0.9512618171027043
743,SubModel_P08R,0.00023858836213508014,0.9515004054648394
903,SubModel_9D54,0.00023660840622340102,0.9517370138710628
824,SubModel_TTCV,0.00023614094285927563,0.9519731548139221
342,Material_9TQI,0.0002355337296367806,0.9522086885435589
441,Zip_22801,0.000234335322203774,0.9524430238657626
169,InteriorsStyle_TPE0,0.00023071732047809555,0.9526737411862407
752,SubModel_8DAV,0.00022898944238220907,0.952902730628623
61,InteriorsStyle_3RJ4,0.000227360244499188,0.9531300908731222
34,InteriorsStyle_FSJW,0.00022705313952495955,0.9533571440126472
22,InteriorsStyle_GK4G,0.0002238833499638356,0.953581027362611
443,Zip_35004,0.0002233286206537894,0.9538043559832647
28,InteriorsStyle_6N4N,0.00022313784628820647,0.954027493829553
571,InsurancePremiumIndex_2282,0.0002225030174209477,0.954249996846974
457,Zip_38118,0.0002219845552237623,0.9544719814021977
357,Material_GG8E,0.00021976103864297563,0.9546917424408407
791,SubModel_DFW1,0.0002193124332844588,0.9549110548741251
156,InteriorsStyle_918O,0.00021801721176309573,0.9551290720858882
595,InsurancePremiumIndex_1169,0.00021667234340155164,0.9553457444292897
69,InteriorsStyle_ARIH,0.00021613654193337114,0.9555618809712231
120,InteriorsStyle_CVUI,0.00021404364213496176,0.955775924613358
54,InteriorsStyle_3MP1,0.00021355310184446397,0.9559894777152025
766,SubModel_NCN6,0.00021344927807639906,0.9562029269932789
462,Zip_42104,0.000212765394693218,0.9564156923879721
822,SubModel_EHRO,0.00021223882067706023,0.9566279312086492
748,SubModel_JXYG,0.00021012318499784413,0.956838054393647
839,SubModel_J65C,0.0002088419441176104,0.9570468963377646
768,SubModel_4AL6,0.00020796766029804604,0.9572548639980627
751,SubModel_3IAL,0.0002078096735088744,0.9574626736715716
333,Material_W3HS,0.00020728583686490084,0.9576699595084365
335,Material_5P9Q,0.0002067332104103689,0.9578766927188468
1000,State_LA,0.000205609983869883,0.9580823027027167
586,InsurancePremiumIndex_1320,0.00020420082601314967,0.9582865035287298
764,SubModel_BUNS,0.00020275508654486716,0.9584892586152747
565,InsurancePremiumIndex_2091,0.00020089940954382208,0.9586901580248185
643,InsurancePremiumIndex_5392,0.00019978866990110725,0.9588899466947196
43,InteriorsStyle_MTA3,0.00019925262124911457,0.9590891993159687
581,InsurancePremiumIndex_869,0.0001979930491239228,0.9592871923650926
805,SubModel_ESPP,0.00019703446985415757,0.9594842268349468
763,SubModel_WIQA,0.00019620546140464406,0.9596804322963515
746,SubModel_4K0H,0.0001947672820751751,0.9598751995784266
759,SubModel_JFYD,0.0001946015061152139,0.9600698010845418
341,Material_LQY2,0.00019368396114561066,0.9602634850456874
616,InsurancePremiumIndex_2208,0.0001935653113712769,0.9604570503570586
893,SubModel_O0I0,0.00019140994664301088,0.9606484603037017
343,Material_9VVT,0.00018914278720208227,0.9608376030909037
340,Material_3F8B,0.00018894361695375342,0.9610265467078575
744,SubModel_FG74,0.0001883166054591232,0.9612148633133166
488,Zip_46239,0.00018799668434300558,0.9614028599976596
130,InteriorsStyle_QD0H,0.00018797683357676658,0.9615908368312364
171,InteriorsStyle_9CX6,0.00018789105389991804,0.9617787278851363
452,Zip_92057,0.00018765441008800258,0.9619663822952244
456,Zip_29070,0.00018743424263626614,0.9621538165378606
604,InsurancePremiumIndex_986,0.000187122049037465,0.9623409385868981
564,InsurancePremiumIndex_630,0.0001869185630641345,0.9625278571499623
68,InteriorsStyle_AI9N,0.00018671010205559236,0.9627145672520179
756,SubModel_CULD,0.00018670888728992486,0.9629012761393078
587,InsurancePremiumIndex_1923,0.00018616944009628691,0.9630874455794041
127,InteriorsStyle_YET9,0.0001858248185939559,0.963273270397998
638,InsurancePremiumIndex_1606,0.00018573642971232918,0.9634590068277104
753,SubModel_M81Y,0.0001851675357185333,0.9636441743634289
453,Zip_75020,0.00018262024228064708,0.9638267946057095
79,InteriorsStyle_D2DH,0.0001825594690824709,0.964009354074792
806,SubModel_ELJV,0.0001819218181711599,0.9641912758929632
801,SubModel_K799,0.00018186504275145433,0.9643731409357146
66,InteriorsStyle_38WH,0.00018168254249487404,0.9645548234782094
583,InsurancePremiumIndex_620,0.0001816293224490447,0.9647364528006585
72,InteriorsStyle_ENH7,0.00018006905897974105,0.9649165218596382
974,Facade_PURPLE,0.0001797226311984733,0.9650962444908366
758,SubModel_W8B5,0.00017783960904676992,0.9652740840998834
49,InteriorsStyle_HQC2,0.00017689541232663228,0.96545097951221
32,InteriorsStyle_YDVX,0.0001755888341049482,0.965626568346315
780,SubModel_3JAH,0.00017440348114479412,0.9658009718274598
173,InteriorsStyle_5IYU,0.00017349608587598718,0.9659744679133359
778,SubModel_JQH4,0.00017208677465741128,0.9661465546879933
584,InsurancePremiumIndex_1353,0.00017075841742679622,0.96631731310542
42,InteriorsStyle_6LLJ,0.00017069208455135104,0.9664880051899714
83,InteriorsStyle_VKZG,0.00017056276118884012,0.9666585679511602
446,Zip_75061,0.00016936617984055638,0.9668279341310008
802,SubModel_RSHN,0.00016912786239146652,0.9669970619933922
70,InteriorsStyle_M81Y,0.000168717619513341,0.9671657796129055
48,InteriorsStyle_HZZU,0.0001685264517881509,0.9673343060646936
349,Material_3WH2,0.00016780733107728276,0.9675021133957709
100,InteriorsStyle_98SV,0.0001675997230241794,0.967669713118795
465,Zip_34203,0.00016717510435531745,0.9678368882231503
63,InteriorsStyle_IPUS,0.00016593076978390562,0.9680028189929342
158,InteriorsStyle_43MM,0.0001652958447237766,0.968168114837658
755,SubModel_BDFA,0.00016333085498007702,0.9683314456926381
1007,State_WA,0.00016246277788595155,0.968493908470524
1002,State_WV,0.00016207549178542732,0.9686559839623093
481,Zip_17545,0.0001618653138275804,0.9688178492761369
463,Zip_87105,0.00016098512361653331,0.9689788343997534
450,Zip_8505,0.0001608684363207331,0.9691397028360741
789,SubModel_RQ5Z,0.00016007150308129588,0.9692997743391554
804,SubModel_YMIU,0.00016004161346604352,0.9694598159526214
821,SubModel_KZ70,0.000158861101491546,0.969618677054113
591,InsurancePremiumIndex_2218,0.0001587014837506405,0.9697773785378636
108,InteriorsStyle_AU91,0.00015856443572878073,0.9699359429735924
38,InteriorsStyle_CNKZ,0.0001578163582480799,0.9700937593318405
479,Zip_39208,0.0001567452064320346,0.9702505045382726
765,SubModel_AVW5,0.00015660880491592314,0.9704071133431885
1001,State_NJ,0.00015625715410246463,0.970563370497291
55,InteriorsStyle_SWDG,0.00015601693190631764,0.9707193874291974
1023,RegionType_OTHER,0.00015387982644251321,0.9708732672556399
1003,State_KY,0.00015373258767557914,0.9710269998433155
75,InteriorsStyle_MOGB,0.00015360319946326422,0.9711806030427788
137,InteriorsStyle_OAB4,0.00015272386529880573,0.9713333269080776
715,Architecture_AZHP,0.00015241620054918262,0.9714857431086268
800,SubModel_XIMM,0.00014989261144946717,0.9716356357200763
790,SubModel_4R79,0.0001494372687457197,0.971785072988822
60,InteriorsStyle_G0KC,0.0001492576135630123,0.971934330602385
575,InsurancePremiumIndex_1918,0.00014810714249426405,0.9720824377448792
863,SubModel_W1VN,0.00014779633349634185,0.9722302340783756
771,SubModel_ARTJ,0.0001472623570555722,0.9723774964354311
451,Zip_29461,0.0001469512106692917,0.9725244476461005
47,InteriorsStyle_7I48,0.00014597314829290566,0.9726704207943934
594,InsurancePremiumIndex_1774,0.0001451346447808123,0.9728155554391742
797,SubModel_QW88,0.0001433777548928261,0.972958933194067
464,Zip_38637,0.0001414504815826003,0.9731003836756497
820,SubModel_DNBE,0.00013964711039621492,0.9732400307860459
86,InteriorsStyle_XZ9F,0.0001392750299619272,0.9733793058160078
772,SubModel_MQAV,0.00013918607384987786,0.9735184918898577
807,SubModel_AHKJ,0.00013806928404157322,0.9736565611738993
97,InteriorsStyle_NWHI,0.00013586716129125674,0.9737924283351905
237,InteriorsStyle_6LPL,0.0001356019113517898,0.9739280302465423
590,InsurancePremiumIndex_2274,0.00013504746385508798,0.9740630777103974
1005,State_OR,0.0001346119056840673,0.9741976896160814
347,Material_16WS,0.00013457805331610424,0.9743322676693975
103,InteriorsStyle_GNM2,0.00013284737211327252,0.9744651150415108
838,SubModel_96Y6,0.00013214813537337292,0.9745972631768841
606,InsurancePremiumIndex_1023,0.00013211467683784498,0.9747293778537219
498,Zip_91770,0.00013195827946266116,0.9748613361331846
799,SubModel_GOJ2,0.00013183395829071174,0.9749931700914753
181,InteriorsStyle_N5DI,0.00013137503715662113,0.975124545128632
354,Material_FVEJ,0.0001313393047322732,0.9752558844333643
113,InteriorsStyle_2ELR,0.0001308509698494072,0.9753867354032137
811,SubModel_BQ3D,0.00013064273519425854,0.975517378138408
588,InsurancePremiumIndex_1251,0.00013062752222585498,0.9756480056606338
461,Zip_47129,0.00013030925376177605,0.9757783149143956
353,Material_OV0S,0.00013009525982157503,0.9759084101742171
105,InteriorsStyle_Y9U1,0.00012900380340425657,0.9760374139776214
718,Architecture_WWBR,0.00012898663912773542,0.9761664006167492
209,InteriorsStyle_JHBF,0.00012835261967386038,0.976294753236423
81,InteriorsStyle_DUWU,0.00012818557840099497,0.976422938814824
784,SubModel_J1Z8,0.00012810409910820044,0.9765510429139322
365,Material_3O4A,0.00012795377382477594,0.976678996687757
489,Zip_77073,0.00012768218156216935,0.9768066788693192
115,InteriorsStyle_7IDF,0.00012552255620818084,0.9769322014255274
658,InsurancePremiumIndex_2506,0.00012458251818336656,0.9770567839437108
614,InsurancePremiumIndex_764,0.00012437087887075946,0.9771811548225815
788,SubModel_3ZS5,0.00012359206046762497,0.9773047468830491
812,SubModel_EO5P,0.00012254840218736576,0.9774272952852365
598,InsurancePremiumIndex_582,0.00012237188419100093,0.9775496671694275
110,InteriorsStyle_WCM1,0.00012228050504144408,0.977671947674469
975,Facade_OTHER,0.00012116613045418254,0.9777931138049232
119,InteriorsStyle_YK1V,0.00012056183044492421,0.9779136756353681
585,InsurancePremiumIndex_909,0.0001201030426723622,0.9780337786780405
88,InteriorsStyle_FRAJ,0.00011904753966485804,0.9781528262177054
139,InteriorsStyle_KF7W,0.00011855213482736441,0.9782713783525328
849,SubModel_526I,0.00011814987518407867,0.9783895282277169
484,Zip_46803,0.00011814686438711759,0.978507675092104
854,SubModel_QTHX,0.00011792917022346132,0.9786256042623275
142,InteriorsStyle_J0SD,0.00011789729306846976,0.9787435015553959
613,InsurancePremiumIndex_2003,0.00011602036753698909,0.9788595219229329
348,Material_Z06V,0.00011546187144900066,0.9789749837943819
509,Zip_92101,0.00011332708549062395,0.9790883108798725
149,InteriorsStyle_N16H,0.00011296905118221889,0.9792012799310547
1004,State_NM,0.00011226833927480593,0.9793135482703295
618,InsurancePremiumIndex_1328,0.00011187618235461612,0.9794254244526841
852,SubModel_4CSO,0.00011179676224382004,0.9795372212149279
775,SubModel_KXVY,0.00011163475409273622,0.9796488559690206
491,Zip_30315,0.00011105777814867445,0.9797599137471693
346,Material_WIQA,0.00010911924331418893,0.9798690329904834
795,SubModel_M0KE,0.00010896527877921374,0.9799779982692627
721,Architecture_XDZM,0.00010888841936645343,0.9800868866886291
792,SubModel_4ZWS,0.00010824396685056517,0.9801951306554797
879,SubModel_LI1R,0.00010770585881043253,0.9803028365142902
786,SubModel_7MRF,0.00010724624989146238,0.9804100827641816
976,Facade_YELLOW,0.00010693497440917398,0.9805170177385908
808,SubModel_TID0,0.00010659791456969886,0.9806236156531605
787,SubModel_YO7K,0.00010626854678108694,0.9807298841999416
632,InsurancePremiumIndex_5092,0.00010608276592504342,0.9808359669658666
473,Zip_25177,0.00010478835652817683,0.9809407553223948
609,InsurancePremiumIndex_1857,0.00010468656267792724,0.9810454418850727
626,InsurancePremiumIndex_1933,0.00010460194143334632,0.9811500438265061
106,InteriorsStyle_L615,0.0001042187917097115,0.9812542626182158
91,InteriorsStyle_R2GY,0.00010412619823894678,0.9813583888164548
80,InteriorsStyle_XX6G,0.0001039794028398913,0.9814623682192947
605,InsurancePremiumIndex_1711,0.0001039571205073834,0.981566325339802
136,InteriorsStyle_RPJS,0.00010368976122948448,0.9816700151010315
87,InteriorsStyle_F5LX,0.0001036590911360257,0.9817736741921675
245,InteriorsStyle_439A,0.00010364536040018767,0.9818773195525677
470,Zip_33762,0.00010276370863074606,0.9819800832611985
829,SubModel_GQ1W,0.00010260158733024125,0.9820826848485287
874,SubModel_VZ6Y,0.00010243893814565597,0.9821851237866743
501,Zip_78745,0.00010167031912677722,0.9822867941058011
876,SubModel_9X8V,0.00010083456875760669,0.9823876286745588
634,InsurancePremiumIndex_2939,0.0001007477880035993,0.9824883764625624
717,Architecture_1IKD,0.00010071232219105001,0.9825890887847534
796,SubModel_L7G9,0.00010042331090558883,0.9826895120956589
1006,State_ID,9.92007815974644e-05,0.9827887128772563
471,Zip_83716,9.90731615682482e-05,0.9828877860388245
73,InteriorsStyle_YAL9,9.749961109928792e-05,0.9829852856499238
827,SubModel_OMD5,9.704733225312166e-05,0.983082332982177
114,InteriorsStyle_V9L4,9.654135166556713e-05,0.9831788743338425
476,Zip_90650,9.631527001760283e-05,0.9832751896038602
599,InsurancePremiumIndex_2022,9.618752167434842e-05,0.9833713771255346
375,Material_L54M,9.548986767109908e-05,0.9834668669932056
601,InsurancePremiumIndex_588,9.50878871806459e-05,0.9835619548803862
150,InteriorsStyle_TDTU,9.443222317788495e-05,0.9836563871035641
99,InteriorsStyle_FOY0,9.396984133074518e-05,0.9837503569448948
846,SubModel_QK88,9.35054491303737e-05,0.9838438623940251
845,SubModel_6G22,9.340897345422024e-05,0.9839372713674793
830,SubModel_HW8L,9.336522362422909e-05,0.9840306365911036
148,InteriorsStyle_KVES,9.309425849581114e-05,0.9841237308495994
817,SubModel_FB0U,9.248474467147634e-05,0.9842162155942709
660,InsurancePremiumIndex_1497,9.151424909819315e-05,0.984307729843369
164,InteriorsStyle_OB7P,9.143790842555961e-05,0.9843991677517946
809,SubModel_VZO3,9.136768939108245e-05,0.9844905354411857
138,InteriorsStyle_KAAR,9.070291409508934e-05,0.9845812383552808
496,Zip_3106,9.06027050994296e-05,0.9846718410603802
472,Zip_84087,9.044921683483968e-05,0.9847622902772151
621,InsurancePremiumIndex_1413,9.005593539765895e-05,0.9848523462126128
629,InsurancePremiumIndex_1386,8.993981339334006e-05,0.9849422860260061
602,InsurancePremiumIndex_1508,8.949200742383424e-05,0.9850317780334299
636,InsurancePremiumIndex_2157,8.86518615403862e-05,0.9851204298949703
141,InteriorsStyle_OAL8,8.782551031199662e-05,0.9852082554052822
794,SubModel_2BDJ,8.782232930987258e-05,0.9852960777345922
866,SubModel_7XTI,8.64094109062381e-05,0.9853824871454984
186,InteriorsStyle_IC4M,8.631103305121684e-05,0.9854687981785496
89,InteriorsStyle_JAHA,8.628340339811258e-05,0.9855550815819477
170,InteriorsStyle_WVS2,8.582344508988896e-05,0.9856409050270376
834,SubModel_FKKG,8.579609558952866e-05,0.9857267011226272
600,InsurancePremiumIndex_1515,8.534745983759203e-05,0.9858120485824647
864,SubModel_A9H6,8.469384511434745e-05,0.9858967424275791
483,Zip_98064,8.467558585044601e-05,0.9859814180134295
165,InteriorsStyle_RMYY,8.386615320760796e-05,0.9860652841666372
779,SubModel_LFG9,8.315910001776314e-05,0.986148443266655
241,InteriorsStyle_MC4T,8.304068458695599e-05,0.9862314839512419
159,InteriorsStyle_R97F,8.203846387728519e-05,0.9863135224151193
280,InteriorsStyle_CZQI,8.183403016203474e-05,0.9863953564452813
617,InsurancePremiumIndex_2412,8.168633580822692e-05,0.9864770427810895
176,InteriorsStyle_RY2P,8.161213997792907e-05,0.9865586549210674
166,InteriorsStyle_6RUI,8.148384309477504e-05,0.9866401387641622
615,InsurancePremiumIndex_1153,8.118658390259661e-05,0.9867213253480648
107,InteriorsStyle_U6SG,8.110818205024777e-05,0.986802433530115
203,InteriorsStyle_NMSK,8.109667979182503e-05,0.9868835302099068
221,InteriorsStyle_RXQB,8.10486704264349e-05,0.9869645788803333
722,Architecture_O8PU,8.061172014917145e-05,0.9870451906004825
623,InsurancePremiumIndex_1028,8.050263340691939e-05,0.9871256932338893
669,InsurancePremiumIndex_1275,8.00304059904838e-05,0.9872057236398798
301,InteriorsStyle_XV6D,7.973001284970902e-05,0.9872854536527295
897,SubModel_WHBI,7.874680583234903e-05,0.9873642004585618
619,InsurancePremiumIndex_765,7.84986341109746e-05,0.9874426990926728
242,InteriorsStyle_GRST,7.822151645283813e-05,0.9875209206091257
612,InsurancePremiumIndex_833,7.816012316190062e-05,0.9875990807322875
716,Architecture_FCXM,7.798031407408474e-05,0.9876770610463617
62,InteriorsStyle_KML6,7.760690807625119e-05,0.9877546679544379
896,SubModel_D1LK,7.743727234823145e-05,0.9878321052267861
860,SubModel_I2BO,7.692309979886624e-05,0.987909028326585
121,InteriorsStyle_9SCE,7.691568450509581e-05,0.9879859440110901
478,Zip_39402,7.674366484953069e-05,0.9880626876759396
125,InteriorsStyle_LOA2,7.649059267202477e-05,0.9881391782686116
593,InsurancePremiumIndex_1125,7.648472039137444e-05,0.988215662989003
644,InsurancePremiumIndex_1065,7.54005447818924e-05,0.9882910635337849
825,SubModel_HCBT,7.508399044189396e-05,0.9883661475242268
122,InteriorsStyle_XFWR,7.434323319576858e-05,0.9884404907574226
872,SubModel_KTKJ,7.432208504859768e-05,0.9885148128424712
467,Zip_35613,7.387093228624127e-05,0.9885886837747575
198,InteriorsStyle_4S9Z,7.353221506600536e-05,0.9886622159898235
831,SubModel_L6FY,7.343289719546623e-05,0.9887356488870189
358,Material_3XP8,7.322317514161065e-05,0.9888088720621605
592,InsurancePremiumIndex_1485,7.315403245763227e-05,0.9888820260946182
816,SubModel_5OCN,7.278650468703093e-05,0.9889548125993052
835,SubModel_1515,7.22385122824003e-05,0.9890270511115876
823,SubModel_1HJE,7.18317645627235e-05,0.9890988828761503
625,InsurancePremiumIndex_1197,7.148390965997844e-05,0.9891703667858103
364,Material_3APS,7.08573346769787e-05,0.9892412241204872
918,SubModel_CK85,7.064785140228483e-05,0.9893118719718895
622,InsurancePremiumIndex_1806,7.000321625562957e-05,0.9893818751881451
1008,State_NH,6.943491931165878e-05,0.9894513101074568
101,InteriorsStyle_E8UR,6.925586299993223e-05,0.9895205659704567
818,SubModel_NJ0J,6.921799136450351e-05,0.9895897839618212
842,SubModel_ACJ6,6.862995967719968e-05,0.9896584139214983
238,InteriorsStyle_YHDT,6.83770085527019e-05,0.989726790930051
112,InteriorsStyle_DY0D,6.807654137627129e-05,0.9897948674714273
111,InteriorsStyle_UM2V,6.780512254378559e-05,0.9898626725939711
92,InteriorsStyle_14DE,6.745590292386591e-05,0.989930128496895
828,SubModel_ET7S,6.657728683404787e-05,0.989996705783729
229,InteriorsStyle_2S5L,6.646999886787619e-05,0.9900631757825968
670,InsurancePremiumIndex_1906,6.582763290359828e-05,0.9901290034155005
152,InteriorsStyle_S6OZ,6.573023055900535e-05,0.9901947336460595
504,Zip_32812,6.506578129301144e-05,0.9902597994273525
182,InteriorsStyle_158T,6.505220654735324e-05,0.9903248516338999
977,Facade_NOT AVAIL,6.331518166323721e-05,0.9903881668155632
163,InteriorsStyle_LWXY,6.312093769477712e-05,0.990451287753258
853,SubModel_NH0V,6.309891983913197e-05,0.9905143866730971
192,InteriorsStyle_V6YZ,6.292161157922978e-05,0.9905773082846764
193,InteriorsStyle_67XH,6.282122654792324e-05,0.9906401295112243
309,InteriorsStyle_BG9J,6.2777560541205e-05,0.9907029070717654
720,Architecture_R0QP,6.271307700303445e-05,0.9907656201487685
871,SubModel_W859,6.253098435854702e-05,0.990828151133127
117,InteriorsStyle_4FTH,6.228639328610978e-05,0.9908904375264131
123,InteriorsStyle_CKUI,6.22697482160341e-05,0.9909527072746291
204,InteriorsStyle_3X16,6.208935524406814e-05,0.9910147966298732
666,InsurancePremiumIndex_1223,6.162299568492871e-05,0.9910764196255581
633,InsurancePremiumIndex_1338,6.156986777503559e-05,0.9911379894933332
96,InteriorsStyle_E6M1,6.143205613980541e-05,0.991199421549473
187,InteriorsStyle_V2MT,6.126594690608263e-05,0.9912606874963791
628,InsurancePremiumIndex_1054,6.0997702304838124e-05,0.9913216851986839
913,SubModel_RLVQ,6.089545628100761e-05,0.9913825806549649
220,InteriorsStyle_GGIA,6.080000674050531e-05,0.9914433806617053
892,SubModel_XBY4,6.0515869347345196e-05,0.9915038965310526
94,InteriorsStyle_I27V,6.0412547383264994e-05,0.991564309078436
857,SubModel_70VH,6.031001736061365e-05,0.9916246190957966
635,InsurancePremiumIndex_1551,5.988729240511656e-05,0.9916845063882017
468,Zip_33314,5.96969955176041e-05,0.9917442033837193
168,InteriorsStyle_3OV2,5.934573048886635e-05,0.9918035491142081
129,InteriorsStyle_W8B5,5.858244872440372e-05,0.9918621315629325
185,InteriorsStyle_5C2Y,5.838160083111205e-05,0.9919205131637636
647,InsurancePremiumIndex_2193,5.7301626468576985e-05,0.9919778147902322
649,InsurancePremiumIndex_1209,5.7100914119923296e-05,0.9920349157043521
109,InteriorsStyle_D5T6,5.639529038611968e-05,0.9920913109947382
847,SubModel_C3YE,5.605588108229949e-05,0.9921473668758205
201,InteriorsStyle_QHE4,5.586191585401463e-05,0.9922032287916746
848,SubModel_JSXX,5.550296618964291e-05,0.9922587317578642
826,SubModel_BD9K,5.522979747922255e-05,0.9923139615553433
850,SubModel_Z9C2,5.4656255317538446e-05,0.9923686178106609
840,SubModel_O7OJ,5.442854758029166e-05,0.9924230463582412
146,InteriorsStyle_2UUF,5.421299890906237e-05,0.9924772593571503
223,InteriorsStyle_L9JV,5.419651248609795e-05,0.9925314558696363
810,SubModel_DWBT,5.413580930892728e-05,0.9925855916789452
157,InteriorsStyle_WJ9C,5.393909642898174e-05,0.9926395307753743
477,Zip_17406,5.375317167130825e-05,0.9926932839470456
653,InsurancePremiumIndex_1613,5.33812129278783e-05,0.9927466651599735
907,SubModel_CZIJ,5.330993266970377e-05,0.9927999750926432
360,Material_JUQY,5.3038122459589374e-05,0.9928530132151028
202,InteriorsStyle_27O7,5.292367572068423e-05,0.9929059368908235
167,InteriorsStyle_ZHE1,5.2744205380644575e-05,0.9929586810962041
1009,State_AR,5.2573863159315304e-05,0.9930112549593634
844,SubModel_EFZH,5.256468734453327e-05,0.9930638196467079
104,InteriorsStyle_XRNH,5.252055240925667e-05,0.9931163401991171
306,InteriorsStyle_1GHZ,5.2518424710106115e-05,0.9931688586238272
837,SubModel_KFQD,5.208194451936241e-05,0.9932209405683465
495,Zip_60443,5.1779089082871044e-05,0.9932727196574294
487,Zip_26431,5.160663989905751e-05,0.9933243262973284
174,InteriorsStyle_PQP2,5.117330473199998e-05,0.9933754996020604
480,Zip_33311,5.106255450188397e-05,0.9934265621565623
631,InsurancePremiumIndex_4622,5.0758057778311674e-05,0.9934773202143407
302,InteriorsStyle_ZDLX,5.048352327755198e-05,0.9935278037376182
880,SubModel_DM8R,5.0386657880988315e-05,0.9935781903954992
211,InteriorsStyle_B29I,5.018522039600598e-05,0.9936283756158952
147,InteriorsStyle_8UET,4.97917602623416e-05,0.9936781673761576
859,SubModel_BQQL,4.9542554505015744e-05,0.9937277099306626
189,InteriorsStyle_DFWJ,4.9530482568710417e-05,0.9937772404132313
898,SubModel_NKOQ,4.923454350869119e-05,0.99382647495674
265,InteriorsStyle_LQA6,4.842541647530464e-05,0.9938749003732154
833,SubModel_4BZI,4.809113468346654e-05,0.9939229915078989
843,SubModel_82FV,4.757544979939375e-05,0.9939705669576983
889,SubModel_YOZF,4.725939168302458e-05,0.9940178263493813
293,InteriorsStyle_XIC9,4.660467956468116e-05,0.9940644310289459
926,SubModel_DZ5Y,4.657382418092504e-05,0.9941110048531269
813,SubModel_2705,4.648280343339087e-05,0.9941574876565603
503,Zip_79932,4.604527311082433e-05,0.9942035329296711
855,SubModel_3SD4,4.600072134871323e-05,0.9942495336510199
239,InteriorsStyle_U27C,4.584056242155208e-05,0.9942953742134414
469,Zip_60440,4.5828236900453155e-05,0.9943412024503419
939,SubModel_PDW2,4.5813677071840695e-05,0.9943870161274136
271,InteriorsStyle_N5E0,4.546562712646691e-05,0.9944324817545401
184,InteriorsStyle_YSKW,4.5425997201920824e-05,0.994477907751742
225,InteriorsStyle_3H4M,4.504953774577181e-05,0.9945229572894878
268,InteriorsStyle_NC73,4.433833491643277e-05,0.9945672956244043
361,Material_NZ30,4.426956922038516e-05,0.9946115651936247
160,InteriorsStyle_CUBU,4.420899250516362e-05,0.9946557741861298
140,InteriorsStyle_TD6S,4.4163087660092025e-05,0.9946999372737899
482,Zip_97217,4.381294776065824e-05,0.9947437502215506
645,InsurancePremiumIndex_1800,4.3718221714860546e-05,0.9947874684432655
222,InteriorsStyle_OZVR,4.353964405060575e-05,0.9948310080873161
172,InteriorsStyle_JSON,4.353132917898644e-05,0.9948745394164951
841,SubModel_HHKK,4.35147866358563e-05,0.994918054203131
490,Zip_71119,4.349286548208177e-05,0.9949615470686131
819,SubModel_V6YZ,4.345677423563472e-05,0.9950050038428487
662,InsurancePremiumIndex_2639,4.313889154517567e-05,0.9950481427343939
657,InsurancePremiumIndex_2074,4.297711243263027e-05,0.9950911198468265
199,InteriorsStyle_X1W2,4.2838650297102495e-05,0.9951339584971236
356,Material_LMX8,4.2790156689899535e-05,0.9951767486538136
134,InteriorsStyle_K4NL,4.278327829819602e-05,0.9952195319321118
276,InteriorsStyle_BYZF,4.2699855021722544e-05,0.9952622317871335
161,InteriorsStyle_56VV,4.25629459638839e-05,0.9953047947330973
132,InteriorsStyle_61PR,4.246129035268275e-05,0.99534725602345
217,InteriorsStyle_OR99,4.2460251260014676e-05,0.99538971627471
355,Material_W1XV,4.2407175163380575e-05,0.9954321234498733
178,InteriorsStyle_VQNR,4.169513627555707e-05,0.9954738185861489
200,InteriorsStyle_1WN4,4.125772359602697e-05,0.9955150763097449
177,InteriorsStyle_ANUW,4.019084071669798e-05,0.9955552671504616
371,Material_CCVQ,3.976144172474552e-05,0.9955950285921864
194,InteriorsStyle_EN73,3.9698739400789014e-05,0.9956347273315872
155,InteriorsStyle_KN4S,3.9568995127792755e-05,0.995674296326715
856,SubModel_WFS6,3.91461922006205e-05,0.9957134425189156
925,SubModel_7PZ6,3.914595521809262e-05,0.9957525884741337
947,SubModel_G8M1,3.913636189237871e-05,0.9957917248360261
836,SubModel_8KXL,3.890931451694914e-05,0.9958306341505431
191,InteriorsStyle_I1SE,3.8488750661232e-05,0.9958691229012043
359,Material_95GY,3.815701873578398e-05,0.9959072799199401
885,SubModel_KR72,3.783831913527305e-05,0.9959451182390754
934,SubModel_JMQ2,3.75897142110984e-05,0.9959827079532865
858,SubModel_8K87,3.756401884346828e-05,0.99602027197213
195,InteriorsStyle_0MJJ,3.722878249452155e-05,0.9960575007546245
497,Zip_63044,3.713819635464592e-05,0.9960946389509792
248,InteriorsStyle_SNKW,3.694389696685757e-05,0.996131582847946
196,InteriorsStyle_OGAC,3.6792487007104596e-05,0.9961683753349531
877,SubModel_4ZC9,3.635194042957468e-05,0.9962047272753827
493,Zip_70401,3.6219172019359904e-05,0.996240946447402
151,InteriorsStyle_RQ5Z,3.573917842268715e-05,0.9962766856258247
367,Material_XJ9B,3.56439773427208e-05,0.9963123296031674
153,InteriorsStyle_S2PA,3.550178279230978e-05,0.9963478313859597
267,InteriorsStyle_J8VT,3.5260638637289595e-05,0.996383092024597
646,InsurancePremiumIndex_1334,3.4878036991510184e-05,0.9964179700615885
216,InteriorsStyle_GN6L,3.471738666624605e-05,0.9964526874482548
881,SubModel_G251,3.447330857658883e-05,0.9964871607568314
283,InteriorsStyle_QDZ1,3.4437953741223546e-05,0.9965215987105727
485,Zip_89120,3.418036958744133e-05,0.9965557790801601
363,Material_XTGN,3.344107618654233e-05,0.9965892201563467
873,SubModel_STJH,3.30848583716463e-05,0.9966223050147183
888,SubModel_PS2G,3.295880017369633e-05,0.996655263814892
190,InteriorsStyle_V5PX,3.2270782928120015e-05,0.9966875345978201
651,InsurancePremiumIndex_805,3.2239511653286255e-05,0.9967197741094734
870,SubModel_XK6A,3.222470514654275e-05,0.99675199881462
135,InteriorsStyle_56VO,3.217761458918579e-05,0.9967841764292091
197,InteriorsStyle_9O7B,3.2108361763361365e-05,0.9968162847909725
143,InteriorsStyle_32SK,3.206614945434567e-05,0.9968483509404269
188,InteriorsStyle_HW87,3.1943575170346886e-05,0.9968802945155972
681,InsurancePremiumIndex_1416,3.189675589610823e-05,0.9969121912714933
868,SubModel_MR68,3.180636691512085e-05,0.9969439976384085
275,InteriorsStyle_BM1P,3.180288227827706e-05,0.9969758005206868
920,SubModel_Y5H9,3.173033904767824e-05,0.9970075308597345
900,SubModel_V42X,3.168532318482817e-05,0.9970392161829194
861,SubModel_1E2H,3.152556181196493e-05,0.9970707417447313
294,InteriorsStyle_5B3J,3.1475054391467526e-05,0.9971022167991228
215,InteriorsStyle_L5OM,3.0988044535626416e-05,0.9971332048436584
246,InteriorsStyle_NKUV,3.061032732541067e-05,0.9971638151709838
224,InteriorsStyle_33RF,3.053569890522036e-05,0.9971943508698891
507,Zip_55369,3.053062971814011e-05,0.9972248814996072
500,Zip_32772,3.049930487747449e-05,0.9972553808044847
630,InsurancePremiumIndex_1898,3.030984775427969e-05,0.997285690652239
231,InteriorsStyle_HZ0Y,3.011451807527344e-05,0.9973158051703143
906,SubModel_T8WE,2.974263180923803e-05,0.9973455478021235
378,Material_VGUZ,2.9688731762861478e-05,0.9973752365338864
862,SubModel_KBOP,2.9678703108351864e-05,0.9974049152369947
912,SubModel_U3BX,2.9076389712257566e-05,0.997433991626707
887,SubModel_KJ5F,2.905857279290529e-05,0.9974630501994999
899,SubModel_XY55,2.867278445948469e-05,0.9974917229839594
284,InteriorsStyle_9Q6I,2.8274775557262228e-05,0.9975199977595166
210,InteriorsStyle_8J96,2.7796625329524117e-05,0.9975477943848461
505,Zip_72117,2.7703350408783616e-05,0.9975754977352549
627,InsurancePremiumIndex_2198,2.7675317306170622e-05,0.9976031730525611
218,InteriorsStyle_SR8C,2.755476837558555e-05,0.9976307278209366
931,SubModel_9VPY,2.753008045046948e-05,0.9976582579013871
936,SubModel_DTU8,2.6997918050741736e-05,0.9976852558194378
206,InteriorsStyle_5YRM,2.6799124822683282e-05,0.9977120549442605
944,SubModel_SKLP,2.660610904806564e-05,0.9977386610533086
234,InteriorsStyle_3X1V,2.6453471245291347e-05,0.9977651145245539
945,SubModel_K83S,2.6074215538529226e-05,0.9977911887400924
260,InteriorsStyle_OI6J,2.6005447370656524e-05,0.9978171941874631
219,InteriorsStyle_ZWGI,2.5790637212092653e-05,0.9978429848246751
233,InteriorsStyle_MEB0,2.576479184498811e-05,0.9978687496165202
299,InteriorsStyle_HD42,2.566139445431917e-05,0.9978944110109745
227,InteriorsStyle_ANRD,2.5566610807486555e-05,0.997919977621782
943,SubModel_OHOZ,2.530470429931402e-05,0.9979452823260813
904,SubModel_OM13,2.5270733201786232e-05,0.9979705530592831
307,InteriorsStyle_FUK2,2.5168961150292965e-05,0.9979957220204334
884,SubModel_KG7M,2.5030656470709087e-05,0.9980207526769042
641,InsurancePremiumIndex_2495,2.496644883066196e-05,0.9980457191257348
923,SubModel_KPC5,2.494451298277706e-05,0.9980706636387175
656,InsurancePremiumIndex_993,2.4859630148792183e-05,0.9980955232688663
258,InteriorsStyle_JGTS,2.454512586420451e-05,0.9981200683947306
235,InteriorsStyle_4BDY,2.446733217270992e-05,0.9981445357269033
865,SubModel_E9KT,2.4333595826583983e-05,0.9981688693227299
665,InsurancePremiumIndex_971,2.4111034284135464e-05,0.998192980357014
263,InteriorsStyle_GVY0,2.392491624006633e-05,0.998216905273254
959,SubModel_EQTN,2.3905219192228305e-05,0.9982408104924463
305,InteriorsStyle_MR68,2.3735330458210125e-05,0.9982645458229045
930,SubModel_XQZZ,2.363742997054419e-05,0.998288183252875
362,Material_G74Y,2.3333297333311474e-05,0.9983115165502083
921,SubModel_J6M6,2.328650718775385e-05,0.9983348030573961
254,InteriorsStyle_7MGK,2.3283384493469558e-05,0.9983580864418895
270,InteriorsStyle_E6KW,2.322523248155606e-05,0.998381311674371
253,InteriorsStyle_R2ZM,2.3106504469017577e-05,0.9984044181788401
285,InteriorsStyle_1TC4,2.2390864474058687e-05,0.9984268090433142
637,InsurancePremiumIndex_553,2.211016647813651e-05,0.9984489192097923
274,InteriorsStyle_BWNG,2.1949987142157142e-05,0.9984708691969344
882,SubModel_K288,2.148026246730249e-05,0.9984923494594017
281,InteriorsStyle_15SE,2.1284287436533876e-05,0.9985136337468382
287,InteriorsStyle_68VG,2.1202806381189457e-05,0.9985348365532194
902,SubModel_36O5,2.111889592743237e-05,0.9985559554491469
277,InteriorsStyle_QGMD,2.0937424047242032e-05,0.9985768928731942
659,InsurancePremiumIndex_4922,2.0608046959813377e-05,0.998597500920154
908,SubModel_5HCW,2.0343746147803396e-05,0.9986178446663018
648,InsurancePremiumIndex_1673,2.020228863719711e-05,0.998638046954939
510,Zip_97060,1.9972781237217616e-05,0.9986580197361762
883,SubModel_IDS7,1.9757943468872567e-05,0.998677777679645
940,SubModel_3QPL,1.937859793855501e-05,0.9986971562775836
513,Zip_23606,1.9191918127273715e-05,0.9987163481957109
938,SubModel_2SK5,1.8994723478544297e-05,0.9987353429191894
905,SubModel_YXEO,1.8936304568242723e-05,0.9987542792237577
878,SubModel_PG5V,1.891762126046962e-05,0.9987731968450182
679,InsurancePremiumIndex_1130,1.869927383560606e-05,0.9987918961188538
251,InteriorsStyle_6LR6,1.8578193720605652e-05,0.9988104743125744
901,SubModel_IUG7,1.8380692776608314e-05,0.998828855005351
212,InteriorsStyle_9TQI,1.834513967670875e-05,0.9988472001450277
250,InteriorsStyle_Z8IW,1.8060269227226403e-05,0.9988652604142549
208,InteriorsStyle_XFS8,1.7941183552140717e-05,0.9988832015978071
886,SubModel_I2LM,1.772220655526299e-05,0.9989009238043624
891,SubModel_YAEP,1.7565539526126753e-05,0.9989184893438885
269,InteriorsStyle_Y1SE,1.7505195405263655e-05,0.9989359945392937
919,SubModel_7T4M,1.7492060310637667e-05,0.9989534865996044
655,InsurancePremiumIndex_1046,1.7244568765217865e-05,0.9989707311683695
249,InteriorsStyle_97DP,1.6892294026462086e-05,0.998987623462396
667,InsurancePremiumIndex_3910,1.6299233725659264e-05,0.9990039226961217
243,InteriorsStyle_FCDD,1.614833133191501e-05,0.9990200710274536
914,SubModel_999G,1.6034719018418158e-05,0.9990361057464721
244,InteriorsStyle_0L1M,1.5630989453460955e-05,0.9990517367359255
179,InteriorsStyle_R9VM,1.5421364147764433e-05,0.9990671581000733
915,SubModel_I8DX,1.536401866557066e-05,0.9990825221187388
515,Zip_17028,1.5358187351191026e-05,0.99909788030609
230,InteriorsStyle_IS3U,1.5309049560152472e-05,0.9991131893556502
295,InteriorsStyle_VJX1,1.5163000189980878e-05,0.9991283523558402
183,InteriorsStyle_9UX4,1.5158097069118107e-05,0.9991435104529093
668,InsurancePremiumIndex_822,1.5138540625637985e-05,0.9991586489935349
875,SubModel_9N33,1.4830791313726457e-05,0.9991734797848486
180,InteriorsStyle_SWM0,1.4788669515022937e-05,0.9991882684543636
228,InteriorsStyle_ZKWL,1.4734650526665491e-05,0.9992030031048903
272,InteriorsStyle_UN74,1.4487329573672044e-05,0.999217490434464
240,InteriorsStyle_HX6A,1.4381047391670871e-05,0.9992318714818557
205,InteriorsStyle_U2RZ,1.4339745277572796e-05,0.9992462112271332
937,SubModel_DJIS,1.4240839832519828e-05,0.9992604520669657
144,InteriorsStyle_EIAH,1.4126824142315525e-05,0.999274578891108
256,InteriorsStyle_8ID9,1.4030847146012627e-05,0.9992886097382541
282,InteriorsStyle_LSNV,1.3904657464004923e-05,0.999302514395718
654,InsurancePremiumIndex_1583,1.3582443355220686e-05,0.9993160968390733
368,Material_8RX6,1.323748604000484e-05,0.9993293343251133
232,InteriorsStyle_TRRK,1.3216371930497438e-05,0.9993425506970438
207,InteriorsStyle_VNNT,1.3119263409307163e-05,0.9993556699604531
257,InteriorsStyle_61ZW,1.3111569566168857e-05,0.9993687815300193
650,InsurancePremiumIndex_930,1.283108166114697e-05,0.9993816126116805
652,InsurancePremiumIndex_1808,1.2671008670021403e-05,0.9993942836203504
911,SubModel_OYRJ,1.2271738651031323e-05,0.9994065553590015
676,InsurancePremiumIndex_2206,1.225217983995248e-05,0.9994188075388414
1010,State_MN,1.2225214660375193e-05,0.9994310327535018
894,SubModel_30JO,1.2017496737061901e-05,0.9994430502502388
639,InsurancePremiumIndex_1116,1.1924284799046701e-05,0.9994549745350378
236,InteriorsStyle_0VBX,1.1668596497690067e-05,0.9994666431315355
927,SubModel_P0SX,1.1656650625317612e-05,0.9994782997821609
262,InteriorsStyle_J4FZ,1.1624841280728636e-05,0.9994899246234416
255,InteriorsStyle_SXJ8,1.1624620052368918e-05,0.9995015492434939
373,Material_FMFF,1.1612919195373164e-05,0.9995131621626893
910,SubModel_83YQ,1.1494381075970733e-05,0.9995246565437652
264,InteriorsStyle_2X6L,1.142866999978212e-05,0.999536085213765
298,InteriorsStyle_RXC1,1.1399265358603679e-05,0.9995474844791237
370,Material_NJYN,1.1241284911576934e-05,0.9995587257640353
499,Zip_70460,1.1088133589165332e-05,0.9995698138976244
214,InteriorsStyle_V584,1.0922897765821676e-05,0.9995807367953903
288,InteriorsStyle_1PJ4,1.087521890779978e-05,0.999591612014298
259,InteriorsStyle_21SH,1.0757289082459212e-05,0.9996023693033805
917,SubModel_FP12,1.0583053441713997e-05,0.9996129523568222
372,Material_NR8Q,9.893042033492445e-06,0.9996228453988557
890,SubModel_HKYU,9.751188911326952e-06,0.999632596587767
369,Material_BQST,9.687741451315913e-06,0.9996422843292183
506,Zip_78426,9.511729670184269e-06,0.9996517960588885
261,InteriorsStyle_UWP3,9.45923305846538e-06,0.999661255291947
379,Material_1602,9.458041941005051e-06,0.999670713333888
297,InteriorsStyle_JOMS,9.294402854025188e-06,0.999680007736742
292,InteriorsStyle_80W0,9.29350005145063e-06,0.9996893012367934
678,InsurancePremiumIndex_2062,9.235826861598672e-06,0.9996985370636551
661,InsurancePremiumIndex_1666,9.028555197661952e-06,0.9997075656188528
941,SubModel_T9CY,8.897895287158538e-06,0.9997164635141399
960,SubModel_F82Y,8.89447141754617e-06,0.9997253579855574
502,Zip_78610,8.830624888589685e-06,0.9997341886104459
909,SubModel_Y52D,8.818988226025943e-06,0.999743007598672
948,SubModel_6J28,8.696219945389856e-06,0.9997517038186173
663,InsurancePremiumIndex_1469,8.678093619945547e-06,0.9997603819122373
916,SubModel_IHCG,8.663172552501506e-06,0.9997690450847898
273,InteriorsStyle_CJID,8.255321637589429e-06,0.9997773004064274
933,SubModel_6MSQ,8.006347173329455e-06,0.9997853067536008
664,InsurancePremiumIndex_4210,7.402778476114322e-06,0.9997927095320769
226,InteriorsStyle_7RB6,7.361967353550779e-06,0.9998000714994304
266,InteriorsStyle_TPPH,7.175139359674321e-06,0.9998072466387901
366,Material_J99O,7.164695052118213e-06,0.9998144113338422
949,SubModel_SPVD,6.98026841683318e-06,0.999821391602259
310,InteriorsStyle_KXN7,6.7993983049487085e-06,0.999828191000564
279,InteriorsStyle_IZBK,6.705159590043038e-06,0.999834896160154
674,InsurancePremiumIndex_1966,6.571914699769289e-06,0.9998414680748537
278,InteriorsStyle_11J3,6.440493997793858e-06,0.9998479085688515
380,Material_JK9T,6.383317094417807e-06,0.999854291885946
252,InteriorsStyle_M3DW,6.1003677237677905e-06,0.9998603922536697
928,SubModel_IJWV,6.0735068612892615e-06,0.9998664657605311
956,SubModel_HDMO,5.791452453778961e-06,0.9998722572129849
376,Material_YWK8,5.7741809871120145e-06,0.999878031393972
924,SubModel_EXGW,5.477213346919346e-06,0.9998835086073189
671,InsurancePremiumIndex_1134,5.353838685440312e-06,0.9998888624460044
953,SubModel_ZXO4,5.334305401599172e-06,0.999894196751406
946,SubModel_6H6M,5.325094383687171e-06,0.9998995218457897
929,SubModel_9R9U,5.187438605598994e-06,0.9999047092843952
673,InsurancePremiumIndex_1417,5.1316771991092625e-06,0.9999098409615943
935,SubModel_F2GD,5.002965356439275e-06,0.9999148439269507
512,Zip_85204,4.968518434119219e-06,0.9999198124453849
922,SubModel_VMTD,4.935742261101458e-06,0.999924748187646
508,Zip_62207,4.7979310209950525e-06,0.999929546118667
682,InsurancePremiumIndex_3667,4.726712065863314e-06,0.9999342728307329
377,Material_S40L,4.62772586303769e-06,0.999938900556596
300,InteriorsStyle_7W8U,4.538897068022034e-06,0.9999434394536639
672,InsurancePremiumIndex_5613,4.343519200222535e-06,0.9999477829728641
296,InteriorsStyle_BK31,4.2418083842711155e-06,0.9999520247812484
289,InteriorsStyle_NH7W,4.04163196871277e-06,0.9999560664132172
213,InteriorsStyle_7AGH,3.9363078186505316e-06,0.9999600027210359
851,SubModel_0HHW,3.685673190842372e-06,0.9999636883942268
642,InsurancePremiumIndex_1572,3.5470460252450213e-06,0.999967235440252
950,SubModel_YNFK,3.523613039126721e-06,0.9999707590532911
961,SubModel_9PWM,3.3227461100611657e-06,0.9999740817994012
290,InteriorsStyle_IUPW,3.2144351486862196e-06,0.9999772962345499
291,InteriorsStyle_A53L,2.7417645843021197e-06,0.9999800379991342
954,SubModel_J81V,2.640096818221797e-06,0.9999826780959524
303,InteriorsStyle_X4YR,2.433885026449517e-06,0.9999851119809788
286,InteriorsStyle_TVQO,2.4129172561239215e-06,0.999987524898235
516,Zip_32503,2.2719000623319863e-06,0.9999897967982972
675,InsurancePremiumIndex_642,1.9821693306077544e-06,0.9999917789676278
381,Material_OIH8,1.463304801139391e-06,0.9999932422724289
684,InsurancePremiumIndex_1181,1.2696228049121594e-06,0.9999945118952338
304,InteriorsStyle_R816,1.2283852007066627e-06,0.9999957402804345
958,SubModel_E108,1.0728635016585005e-06,0.9999968131439362
942,SubModel_7CEY,1.015129184916416e-06,0.9999978282731211
932,SubModel_KKL3,9.090853923382801e-07,0.9999987373585134
955,SubModel_LU16,7.804798171832826e-07,0.9999995178383306
957,SubModel_QSSK,4.82161669732504e-07,1.0000000000000004
374,Material_38MX,0.0,1.0000000000000004
951,SubModel_FG5X,0.0,1.0000000000000004
952,SubModel_ET4R,0.0,1.0000000000000004
511,Zip_73129,0.0,1.0000000000000004
680,InsurancePremiumIndex_1450,0.0,1.0000000000000004
723,Architecture_CR4E,0.0,1.0000000000000004
683,InsurancePremiumIndex_888,0.0,1.0000000000000004
308,InteriorsStyle_U6JF,0.0,1.0000000000000004
514,Zip_33916,0.0,1.0000000000000004
